title,postal_code,beds,baths,sq_feet,price
Condo for sale,94102,2.0,2.0,1155.0,1495000.0
House for sale,94102,4.0,3.0,4200.0,2500000.0
House for sale,94102,8.0,6.0,6330.0,3800000.0
Condo for sale,94102,2.0,2.0,1219.0,1199000.0
Condo for sale,94102,2.0,1.0,525.0,615000.0
Condo for sale,94102,2.0,2.0,1099.0,939000.0
Condo for sale,94102,1.0,1.0,716.0,745000.0
Condo for sale,94102,1.0,1.0,556.0,495000.0
Condo for sale,94102,2.0,2.0,1360.0,1650000.0
House for sale,94102,3.0,2.0,2200.0,1500000.0
New construction,94102,2.0,2.0,977.0,998000.0
Condo for sale,94102,1.0,1.0,804.0,999000.0
Condo for sale,94102,1.0,2.0,1121.0,1499000.0
Condo for sale,94102,1.0,1.0,709.0,679000.0
House for sale,94102,6.0,6.0,3816.0,3290000.0
New construction,94102,1.0,1.0,568.0,649000.0
House for sale,94102,12.0,3.0,4440.0,2995000.0
Condo for sale,94102,1.0,1.0,1857.1671,690000.0
Condo for sale,94102,1.0,1.0,398.0,449000.0
Lot / Land for sale,94102,2.0,2.0,1857.1671,2880000.0
Condo for sale,94102,3.0,2.0,2655.0,1495000.0
Condo for sale,94102,2.0,1.0,518.0,460000.0
Condo for sale,94102,1.0,1.0,652.0,549000.0
New construction,94102,2.0,1.0,753.0,849000.0
Condo for sale,94102,1.0,1.0,674.0,382521.0
Condo for sale,94102,1.0,1.0,682.0,670000.0
Condo for sale,94104,3.0,3.0,2485.0,2995000.0
Condo for sale,94104,2.0,2.0,1510.0,1595000.0
Condo for sale,94104,1.0,1.0,565.0,679000.0
Condo for sale,94104,1.0,1.0,806.0,948000.0
Condo for sale,94104,2.0,2.0,1431.0,1599000.0
Condo for sale,94104,1.0,2.0,1290.0,995000.0
Condo for sale,94104,1.0,1.0,658.0,749000.0
Condo for sale,94103,2.0,2.0,1565.0,1195000.0
Condo for sale,94103,1.0,1.0,541.0,595000.0
New construction,94103,2.0,2.0,955.0,700000.0
New construction,94103,2.0,2.0,844.0,949000.0
Condo for sale,94103,2.0,1.0,1547.0,1349000.0
Condo for sale,94103,1.0,1.0,815.0,895000.0
Condo for sale,94103,1.0,1.0,795.0,685000.0
Condo for sale,94103,2.0,3.0,1470.0,998000.0
Under Contract,94103,2.0,2.0,1319.0,1175000.0
Condo for sale,94103,2.0,1.0,298.0,378000.0
Condo for sale,94103,1.0,1.0,1857.1671,699000.0
Condo for sale,94103,2.0,2.0,2018.0,1695000.0
House for sale,94103,2.0,2.0,1250.0,1150000.0
Condo for sale,94103,1.0,1.0,888.0,949000.0
Under Contract,94103,4.0,1.0,1894.0,1595000.0
Condo for sale,94103,2.0,1.0,925.0,938000.0
Condo for sale,94103,2.0,2.0,1857.1671,949000.0
Condo for sale,94103,1.0,1.0,626.0,710000.0
Condo for sale,94103,1.0,1.0,664.0,749000.0
House for sale,94103,3.0,2.0,1857.1671,1485000.0
Condo for sale,94103,2.0,1.0,341.0,420000.0
Condo for sale,94103,1.0,2.0,875.0,895000.0
New construction,94103,2.0,1.0,494.0,495000.0
House for sale,94103,12.0,2.0,4875.0,2400000.0
Condo for sale,94103,2.0,2.0,932.0,431846.0
Condo for sale,94103,1.0,1.0,739.0,799000.0
Condo for sale,94103,1.0,1.0,589.0,699000.0
Condo for sale,94103,1.0,1.0,664.0,699000.0
Condo for sale,94103,1.0,2.0,1173.0,875000.0
Condo for sale,94103,1.0,1.0,745.0,799000.0
Condo for sale,94103,2.0,2.0,1201.0,1275000.0
Under Contract,94103,2.0,2.0,1857.1671,999000.0
Condo for sale,94105,2.0,2.0,1259.0,1649000.0
Condo for sale,94105,2.0,2.0,1491.0,2599000.0
Condo for sale,94105,1.0,1.0,694.0,749000.0
Condo for sale,94105,2.0,2.0,1268.0,2200000.0
Condo for sale,94105,2.0,2.0,995.0,1150000.0
Condo for sale,94105,1.0,2.0,1354.0,1588000.0
Condo for sale,94105,1.0,1.0,798.0,1050000.0
Condo for sale,94105,2.0,2.0,1215.0,1299000.0
Condo for sale,94105,1.0,1.0,851.0,1095000.0
Condo for sale,94105,1.0,1.0,710.0,799000.0
New construction,94105,1.0,1.0,710.0,825000.0
Condo for sale,94105,3.0,3.0,2130.0,3295000.0
Condo for sale,94105,2.0,2.0,1857.1671,1159000.0
Condo for sale,94105,2.0,2.0,1177.0,1475000.0
Condo for sale,94105,2.0,3.0,1845.0,1925000.0
New construction,94105,3.0,4.0,5223.0,5995000.0
Condo for sale,94105,2.0,1.0,498.0,610000.0
Condo for sale,94105,2.0,2.0,1401.0,1695000.0
New construction,94105,1.0,2.0,916.0,1180000.0
Condo for sale,94105,1.0,1.0,909.0,1100000.0
New construction,94105,2.0,2.0,1422.0,1695000.0
Condo for sale,94105,2.0,1.0,493.0,599000.0
Condo for sale,94105,1.0,1.0,669.0,798000.0
Condo for sale,94105,1.0,1.0,493.0,639000.0
Condo for sale,94105,2.0,1.0,486.0,615000.0
Condo for sale,94105,2.0,2.0,1019.0,1295000.0
Condo for sale,94105,1.0,1.0,733.0,850000.0
Condo for sale,94105,1.0,2.0,840.0,1195000.0
Condo for sale,94105,1.0,1.0,873.0,915000.0
Under Contract,94105,2.0,2.0,1434.0,1729000.0
New construction,94105,2.0,2.0,1637.0,3800000.0
Condo for sale,94105,1.0,1.0,789.0,925000.0
Under Contract,94123,4.0,4.0,3774.0,3750000.0
Condo for sale,94123,3.0,2.0,1857.1671,2250000.0
House for sale,94123,5.0,5.0,4175.0,7250000.0
House for sale,94123,12.0,2.0,9450.0,7600000.0
Under Contract,94123,2.0,2.0,1128.0,1250000.0
House for sale,94123,3.0,3.0,2442.0,2295000.0
Under Contract,94123,1.0,1.0,670.0,849000.0
Condo for sale,94123,3.0,3.0,2100.0,2497000.0
New construction,94123,3.0,3.0,2073.0,3125000.0
House for sale,94123,1.0,1.0,806.0,825000.0
Condo for sale,94123,2.0,1.0,1857.1671,799000.0
House for sale,94123,3.0,3.0,2260.0,2598000.0
New construction,94123,6.0,6.0,7195.0,14500000.0
House for sale,94123,12.0,7.0,5890.0,5500000.0
Condo for sale,94123,3.0,3.0,1717.0,1995000.0
New construction,94123,1.0,1.0,697.0,998000.0
Condo for sale,94123,3.0,4.0,2529.0,3150000.0
House for sale,94123,5.0,6.0,4206.0,6500000.0
House for sale,94123,6.0,2.0,6324.0,4000000.0
House for sale,94123,5.0,5.0,3274.0,3700000.0
House for sale,94123,4.0,4.0,5142.0,13999000.0
House for sale,94123,2.0,2.0,1320.0,1395000.0
House for sale,94123,5.0,2.0,3276.0,3795000.0
New construction,94123,2.0,2.0,1044.0,1695000.0
Under Contract,94123,5.0,2.0,3107.0,2495000.0
House for sale,94123,5.0,2.0,4188.0,3600000.0
House for sale,94123,3.0,4.0,3111.0,4500000.0
Condo for sale,94123,2.0,2.0,1595.0,1795000.0
House for sale,94123,3.0,1.0,3037.0,2645000.0
Condo for sale,94123,2.0,2.0,1857.1671,1595000.0
New construction,94123,2.0,2.0,1200.0,1649000.0
New construction,94123,1.0,1.0,721.0,1049000.0
Under Contract,94123,2.0,2.0,1434.0,1649000.0
Condo for sale,94115,4.0,5.0,4004.0,4698000.0
Condo for sale,94103,2.0,2.0,1565.0,1195000.0
Condo for sale,94111,1.0,1.0,1006.0,960000.0
Condo for sale,94133,1.0,1.0,700.0,789000.0
Condo for sale,94103,1.0,1.0,541.0,595000.0
Condo for sale,94109,1.0,1.0,653.0,649000.0
New construction,94103,2.0,2.0,955.0,700000.0
Condo for sale,94105,2.0,2.0,1259.0,1649000.0
Under Contract,94109,2.0,1.0,852.0,1400000.0
Condo for sale,94105,2.0,2.0,1491.0,2599000.0
Condo for sale,94109,1.0,1.0,616.0,599000.0
House for sale,94115,3.0,2.0,1032.0,699000.0
Condo for sale,94109,3.0,2.0,1258.0,1349000.0
Condo for sale,94111,2.0,2.0,1532.0,1450000.0
House for sale,94114,4.0,2.0,2112.0,1895000.0
Condo for sale,94111,1.0,1.0,1030.0,949000.0
Condo for sale,94158,2.0,2.0,1569.0,2698888.0
Condo for sale,94105,1.0,1.0,694.0,749000.0
House for sale,94110,3.0,2.0,1475.0,1295000.0
Condo for sale,94107,3.0,3.0,1642.0,1245000.0
New construction,94103,2.0,2.0,844.0,949000.0
Condo for sale,94109,2.0,2.0,1382.0,950000.0
Condo for sale,94107,3.0,1.0,1297.0,1050000.0
Condo for sale,94105,2.0,2.0,1268.0,2200000.0
Condo for sale,94114,3.0,2.0,1605.0,1799000.0
Condo for sale,94107,2.0,2.0,1763.0,1450000.0
Condo for sale,94110,1.0,2.0,1003.0,1099000.0
Condo for sale,94105,2.0,2.0,995.0,1150000.0
Condo for sale,94104,3.0,3.0,2485.0,2995000.0
Condo for sale,94103,2.0,1.0,1547.0,1349000.0
Condo for sale,94107,1.0,2.0,860.0,875000.0
Condo for sale,94107,1.0,1.0,887.0,898000.0
Condo for sale,94107,1.0,1.0,866.0,998000.0
House for sale,94134,6.0,4.0,3227.0,1550000.0
House for sale,94134,3.0,2.0,1175.0,998889.0
Condo for sale,94134,3.0,2.0,1424.0,974000.0
Condo for sale,94134,2.0,2.0,935.0,699000.0
House for sale,94134,4.0,4.0,2640.0,1050000.0
House for sale,94134,3.0,2.0,1857.1671,1150000.0
Condo for sale,94134,2.0,2.0,935.0,698000.0
Condo for sale,94134,2.0,2.0,1073.0,738000.0
Under Contract,94134,4.0,2.0,2122.0,1448888.0
House for sale,94134,2.0,2.0,2100.0,899000.0
House for sale,94134,4.0,3.0,2610.0,1350000.0
Under Contract,94134,1.0,1.0,807.0,599000.0
House for sale,94134,3.0,2.0,1396.0,795000.0
Lot / Land for sale,94134,2.0,2.0,1857.1671,3600000.0
Condo for sale,94115,4.0,5.0,4004.0,4698000.0
Condo for sale,94115,3.0,3.0,1891.0,1849000.0
Condo for sale,94115,4.0,2.0,2321.0,2149000.0
Condo for sale,94115,3.0,3.0,1881.0,2295000.0
New construction,94115,3.0,4.0,2888.0,5800000.0
House for sale,94115,3.0,2.0,1032.0,699000.0
House for sale,94115,5.0,5.0,5137.0,4995000.0
Condo for sale,94115,1.0,1.0,712.0,849000.0
House for sale,94115,2.0,1.0,1393.0,1099000.0
House for sale,94115,2.0,1.0,1015.0,799000.0
House for sale,94115,1.0,1.0,570.0,499000.0
House for sale,94115,2.0,1.0,1351.0,979000.0
Condo for sale,94115,3.0,4.0,3200.0,5895000.0
Condo for sale,94115,2.0,1.0,1857.1671,1325000.0
Condo for sale,94115,3.0,2.0,1569.0,1680000.0
Condo for sale,94115,3.0,3.0,1513.0,1395000.0
Condo for sale,94115,2.0,2.0,1211.0,1349000.0
House for sale,94115,3.0,2.0,2450.0,2999000.0
Condo for sale,94115,3.0,2.0,1375.0,1995000.0
Condo for sale,94115,1.0,1.0,810.0,899000.0
House for sale,94115,2.0,2.0,1857.1671,1177000.0
Condo for sale,94115,1.0,1.0,740.0,343558.0
House for sale,94115,9.0,7.0,3271.0,3999000.0
Condo for sale,94115,5.0,4.0,5180.0,7950000.0
House for sale,94115,4.0,4.0,3445.0,3499000.0
Condo for sale,94115,3.0,4.0,2680.0,4695000.0
Condo for sale,94115,1.0,1.0,653.0,674000.0
Condo for sale,94115,1.0,2.0,1172.0,1170000.0
Condo for sale,94115,2.0,2.0,1496.0,1645000.0
House for sale,94115,2.0,3.0,1857.1671,2500000.0
House for sale,94115,4.0,2.0,1770.0,1650000.0
Condo for sale,94115,3.0,3.0,2117.0,2690000.0
Under Contract,94115,2.0,1.0,1857.1671,630000.0
Condo for sale,94115,2.0,3.0,1332.0,1499000.0
Condo for sale,94115,3.0,3.0,2220.0,1995000.0
House for sale,94115,5.0,3.0,3400.0,3250000.0
Under Contract,94115,1.0,1.0,550.0,499000.0
Condo for sale,94118,2.0,2.0,1120.0,1001150.0
Condo for sale,94118,3.0,3.0,1857.1671,1950000.0
Condo for sale,94118,3.0,3.0,2291.0,1895000.0
Condo for sale,94118,4.0,3.0,2700.0,2495000.0
House for sale,94118,3.0,1.0,1100.0,948000.0
House for sale,94118,2.0,1.0,840.0,838000.0
House for sale,94118,5.0,2.0,2233.0,2000000.0
House for sale,94118,12.0,4.0,4893.0,2500000.0
House for sale,94118,6.0,3.0,2330.0,1595000.0
House for sale,94118,7.0,6.0,4545.0,4995000.0
House for sale,94118,6.0,8.0,8930.0,25000000.0
Condo for sale,94118,2.0,2.0,2025.0,2595000.0
House for sale,94118,4.0,2.0,3632.0,2450000.0
House for sale,94118,4.0,2.0,2130.0,2095000.0
Under Contract,94118,2.0,2.0,1857.1671,1068000.0
Condo for sale,94118,3.0,2.0,1600.0,1500000.0
House for sale,94118,2.0,2.0,2620.0,1950000.0
House for sale,94118,5.0,4.0,3550.0,4200000.0
Under Contract,94118,2.0,2.0,1470.0,1395000.0
House for sale,94118,5.0,4.0,1857.1671,2850000.0
Condo for sale,94118,2.0,2.0,950.0,995000.0
House for sale,94118,5.0,4.0,5876.0,4900000.0
House for sale,94118,6.0,7.0,10040.0,20000000.0
House for sale,94118,4.0,3.0,4609.0,8495000.0
Multi-family home for sale,94118,2.0,2.0,3550.0,4200000.0
House for sale,94118,4.0,2.0,3276.0,1999000.0
House for sale,94118,9.0,6.0,5640.0,3595000.0
House for sale,94118,5.0,2.0,3635.0,2150000.0
House for sale,94118,22.0,2.0,13252.0,7700000.0
House for sale,94118,5.0,4.0,3118.0,1690000.0
Condo for sale,94118,2.0,2.0,1857.1671,575000.0
Condo for sale,94108,2.0,3.0,1961.0,3195000.0
Condo for sale,94108,3.0,4.0,2780.0,6950000.0
Condo for sale,94108,2.0,3.0,2780.0,7500000.0
House for sale,94108,9.0,2.0,7928.0,4080000.0
Condo for sale,94108,2.0,1.0,353.0,515000.0
Condo for sale,94108,2.0,1.0,366.0,508000.0
Condo for sale,94108,1.0,1.0,750.0,719000.0
Condo for sale,94108,1.0,1.0,1056.0,1095000.0
Condo for sale,94108,2.0,2.0,1428.0,1395000.0
House for sale,94108,3.0,4.0,2412.0,4000000.0
Condo for sale,94108,2.0,2.0,1857.1671,1250000.0
Condo for sale,94108,1.0,1.0,900.0,785000.0
House for sale,94108,3.0,3.0,2571.0,3200000.0
Condo for sale,94108,2.0,1.0,437.0,545000.0
Townhouse for sale,94108,3.0,4.0,3465.0,3450000.0
Condo for sale,94108,1.0,1.0,705.0,795000.0
Condo for sale,94108,2.0,2.0,1399.0,1645000.0
Condo for sale,94108,2.0,2.0,2027.0,3795000.0
House for sale,94108,2.0,2.0,1729.0,2525000.0
House for sale,94108,4.0,3.0,4822.0,8250000.0
House for sale,94108,2.0,2.0,3600.0,2480000.0
Condo for sale,94108,2.0,1.0,411.0,545000.0
Condo for sale,94108,4.0,4.0,2454.0,2800000.0
Condo for sale,94107,3.0,3.0,1642.0,1245000.0
Condo for sale,94107,3.0,1.0,1297.0,1050000.0
Condo for sale,94107,2.0,2.0,1763.0,1450000.0
Condo for sale,94107,1.0,2.0,860.0,875000.0
Condo for sale,94107,1.0,1.0,887.0,898000.0
Condo for sale,94107,1.0,1.0,866.0,998000.0
Condo for sale,94107,2.0,2.0,1520.0,1495000.0
Condo for sale,94107,2.0,1.0,592.0,645000.0
Condo for sale,94107,1.0,2.0,1030.0,975000.0
House for sale,94107,3.0,2.0,1605.0,1649000.0
House for sale,94107,3.0,2.0,1191.0,1349000.0
House for sale,94107,7.0,7.0,5247.0,2549000.0
House for sale,94107,1.0,1.0,368.0,298000.0
Condo for sale,94107,2.0,2.0,1892.0,2399000.0
Condo for sale,94107,2.0,2.0,1560.0,2399000.0
Condo for sale,94107,2.0,3.0,1234.0,1589000.0
Condo for sale,94107,1.0,2.0,908.0,1049000.0
Condo for sale,94107,2.0,2.0,1442.0,1349000.0
Condo for sale,94107,1.0,1.0,814.0,749000.0
Townhouse for sale,94107,1.0,1.0,950.0,899000.0
Condo for sale,94107,1.0,1.0,896.0,898888.0
Condo for sale,94107,2.0,2.0,1230.0,1239000.0
Condo for sale,94107,1.0,1.0,485.0,263033.0
Condo for sale,94107,2.0,2.0,924.0,1350000.0
Condo for sale,94107,2.0,2.0,964.0,1190000.0
House for sale,94107,8.0,3.0,5040.0,3200000.0
Condo for sale,94107,1.0,1.0,691.0,749000.0
Condo for sale,94107,2.0,2.0,1225.0,1249000.0
Condo for sale,94107,1.0,1.0,1857.1671,749000.0
Under Contract,94107,2.0,2.0,1344.0,1349000.0
Condo for sale,94111,1.0,1.0,1006.0,960000.0
Condo for sale,94111,2.0,2.0,1532.0,1450000.0
Condo for sale,94111,1.0,1.0,1030.0,949000.0
Condo for sale,94111,1.0,1.0,503.0,569000.0
Condo for sale,94111,1.0,1.0,580.0,552000.0
Under Contract,94111,1.0,2.0,840.0,1100000.0
House for sale,94111,2.0,2.0,1857.1671,12000000.0
House for sale,94111,2.0,2.0,1857.1671,5000000.0
Condo for sale,94111,1.0,1.0,709.0,634500.0
Condo for sale,94111,1.0,1.0,580.0,529000.0
Condo for sale,94111,2.0,2.0,1719.0,1669000.0
Under Contract,94111,1.0,1.0,580.0,520000.0
Condo for sale,94111,1.0,1.0,989.0,979000.0
Under Contract,94111,1.0,1.0,617.0,529000.0
Under Contract,94111,1.0,1.0,620.0,589000.0
Condo for sale,94111,1.0,1.0,566.0,555000.0
Condo for sale,94111,2.0,2.0,1423.0,1295000.0
House for sale,94112,5.0,4.0,2753.0,2249000.0
Condo for sale,94112,4.0,2.0,2444.0,1388000.0
House for sale,94112,4.0,3.0,1660.0,899000.0
House for sale,94112,4.0,3.0,2760.0,1100000.0
House for sale,94112,4.0,4.0,2250.0,1395000.0
House for sale,94112,3.0,2.0,1083.0,949000.0
House for sale,94112,4.0,4.0,4040.0,995000.0
Lot / Land for sale,94112,2.0,2.0,1857.1671,559000.0
House for sale,94112,4.0,3.0,2050.0,1250000.0
House for sale,94112,5.0,3.0,2344.0,1388000.0
Under Contract,94112,2.0,1.0,850.0,959000.0
House for sale,94112,5.0,2.0,2344.0,1388000.0
Under Contract,94112,4.0,3.0,1995.0,1599000.0
Under Contract,94112,3.0,2.0,1278.0,1200000.0
House for sale,94112,5.0,4.0,1729.0,1495000.0
House for sale,94112,5.0,5.0,2083.0,1099000.0
House for sale,94112,5.0,3.0,1820.0,1399000.0
Under Contract,94112,3.0,1.0,950.0,1195000.0
House for sale,94112,4.0,3.0,2337.0,1399000.0
House for sale,94112,5.0,2.0,2100.0,1095000.0
House for sale,94112,5.0,5.0,3092.0,1725000.0
Under Contract,94112,2.0,2.0,1857.1671,1285000.0
Multi-family home for sale,94112,4.0,2.0,1400.0,989000.0
Multi-family home for sale,94112,12.0,2.0,11146.0,4988000.0
Under Contract,94112,18.0,2.0,10641.0,3895000.0
Multi-family home for sale,94112,5.0,3.0,2250.0,950000.0
Under Contract,94112,3.0,4.0,2785.0,1495000.0
Condo for sale,94112,2.0,2.0,1387.0,879000.0
House for sale,94112,2.0,1.0,2136.0,1499999.0
House for sale,94110,3.0,2.0,1518.0,2325000.0
House for sale,94110,3.0,2.0,1450.0,1190000.0
Condo for sale,94110,2.0,1.0,842.0,759000.0
House for sale,94110,3.0,2.0,1475.0,1295000.0
Condo for sale,94110,1.0,2.0,1003.0,1099000.0
House for sale,94110,3.0,2.0,1250.0,1249000.0
Condo for sale,94110,2.0,2.0,1056.0,1249000.0
Condo for sale,94110,2.0,2.0,1562.0,1595000.0
House for sale,94110,2.0,3.0,2011.0,1095000.0
Under Contract,94110,1.0,2.0,1121.0,1550000.0
House for sale,94110,4.0,1.0,6350.0,2600000.0
House for sale,94110,8.0,1.0,2625.0,1200000.0
House for sale,94110,4.0,2.0,1990.0,1498000.0
House for sale,94110,2.0,2.0,1300.0,1098000.0
Condo for sale,94110,2.0,2.0,1162.0,998000.0
House for sale,94110,3.0,3.0,2262.0,1750000.0
Condo for sale,94110,2.0,1.0,1075.0,865000.0
Under Contract,94110,3.0,2.0,1857.1671,1495000.0
House for sale,94110,3.0,2.0,1857.1671,1195000.0
Condo for sale,94110,2.0,2.0,1570.0,1595000.0
Condo for sale,94110,2.0,2.0,1857.1671,1250000.0
Under Contract,94110,2.0,1.0,993.0,949000.0
Condo for sale,94110,2.0,2.0,1058.0,999000.0
House for sale,94110,4.0,2.0,2700.0,1695000.0
House for sale,94110,2.0,2.0,5990.0,3000000.0
Condo for sale,94110,3.0,3.0,1713.0,1795000.0
New construction,94110,3.0,4.0,1975.0,2495000.0
New construction,94110,1.0,1.0,1857.1671,745000.0
House for sale,94110,8.0,5.0,4585.0,2150000.0
House for sale,94110,2.0,1.0,1857.1671,939000.0
House for sale,94110,4.0,4.0,1857.1671,4995000.0
Under Contract,94110,2.0,1.0,1334.0,1195000.0
Condo for sale,94109,1.0,1.0,653.0,649000.0
Under Contract,94109,2.0,1.0,852.0,1400000.0
Condo for sale,94109,1.0,1.0,616.0,599000.0
Condo for sale,94109,3.0,2.0,1258.0,1349000.0
Condo for sale,94109,2.0,2.0,1382.0,950000.0
Condo for sale,94109,1.0,1.0,805.0,849000.0
Condo for sale,94109,2.0,2.0,989.0,1298000.0
Under Contract,94109,2.0,2.0,1630.0,1190000.0
Condo for sale,94109,2.0,2.0,479.0,356509.0
Condo for sale,94109,2.0,1.0,1857.1671,649000.0
Condo for sale,94109,1.0,1.0,700.0,828000.0
Condo for sale,94109,2.0,2.0,1500.0,1495000.0
Condo for sale,94109,1.0,1.0,629.0,599000.0
Condo for sale,94109,2.0,2.0,1630.0,2195000.0
House for sale,94109,4.0,4.0,4500.0,6795000.0
Condo for sale,94109,2.0,2.0,1110.0,1500000.0
Condo for sale,94109,1.0,1.0,775.0,799000.0
Condo for sale,94109,2.0,2.0,1065.0,999000.0
Condo for sale,94109,2.0,2.0,1402.0,2050000.0
Condo for sale,94109,2.0,2.0,816.0,799000.0
House for sale,94109,2.0,1.0,5235.0,599000.0
Condo for sale,94109,1.0,2.0,834.0,875000.0
Condo for sale,94109,4.0,1.0,2627.0,1649000.0
Condo for sale,94109,1.0,2.0,1450.0,1295000.0
Condo for sale,94109,2.0,2.0,1326.0,1699000.0
Condo for sale,94109,2.0,1.0,998.0,1450000.0
House for sale,94109,8.0,2.0,4940.0,2950000.0
Condo for sale,94109,1.0,1.0,632.0,575000.0
Condo for sale,94109,3.0,2.0,1100.0,795000.0
Condo for sale,94109,1.0,1.0,624.0,699000.0
Condo for sale,94109,2.0,2.0,1248.0,1350000.0
Condo for sale,94109,3.0,3.0,3456.0,6500000.0
Condo for sale,94109,1.0,1.0,532.0,399273.0
House for sale,94109,12.0,4.0,8895.0,4895000.0
New construction,94109,3.0,3.0,2076.0,3750000.0
Condo for sale,94109,1.0,1.0,625.0,899000.0
House for sale,94114,2.0,1.0,1857.1671,975000.0
House for sale,94114,2.0,2.0,1857.1671,1650000.0
House for sale,94114,4.0,2.0,3160.0,2195000.0
House for sale,94114,4.0,2.0,2112.0,1895000.0
House for sale,94114,3.0,3.0,800.0,1000000.0
Condo for sale,94114,3.0,2.0,1605.0,1799000.0
Condo for sale,94114,2.0,2.0,1857.1671,1849000.0
House for sale,94114,4.0,3.0,2353.0,2200000.0
Condo for sale,94114,2.0,2.0,1762.0,1497000.0
House for sale,94114,4.0,2.0,2576.0,1650000.0
House for sale,94114,3.0,2.0,1687.0,1850000.0
House for sale,94114,1.0,2.0,1036.0,1050000.0
House for sale,94114,4.0,4.0,3371.0,4395000.0
Condo for sale,94114,3.0,3.0,1859.0,2275000.0
House for sale,94114,2.0,2.0,1100.0,1375000.0
Under Contract,94114,1.0,2.0,1005.0,975000.0
House for sale,94114,5.0,5.0,3860.0,5500000.0
Under Contract,94114,4.0,3.0,2728.0,2750000.0
Condo for sale,94114,3.0,1.0,1675.0,1595000.0
House for sale,94114,2.0,1.0,1857.1671,888000.0
House for sale,94114,4.0,5.0,2893.0,3995000.0
House for sale,94114,2.0,2.0,1857.1671,1550000.0
House for sale,94114,5.0,5.0,5400.0,2395000.0
House for sale,94114,5.0,5.0,5400.0,2395000.0
House for sale,94114,3.0,3.0,3003.0,4849000.0
Condo for sale,94114,4.0,2.0,2128.0,1300000.0
House for sale,94114,5.0,1.0,2500.0,2800000.0
Condo for sale,94114,2.0,2.0,1528.0,1298000.0
Under Contract,94114,2.0,2.0,1682.0,1100000.0
Under Contract,94114,1.0,1.0,866.0,825000.0
House for sale,94114,3.0,2.0,1458.0,1998000.0
Under Contract,94114,2.0,1.0,1100.0,1195000.0
House for sale,94114,2.0,2.0,1273.0,1825000.0
House for sale,94114,3.0,3.0,1857.1671,2600000.0
House for sale,94114,3.0,1.0,1312.0,1249000.0
Under Contract,94114,2.0,1.0,1014.0,750000.0
House for sale,94114,3.0,2.0,1857.1671,1995000.0
Under Contract,94114,5.0,6.0,4538.0,5495000.0
New construction,94117,1.0,1.0,1857.1671,1095000.0
Condo for sale,94117,3.0,3.0,1857.1671,2495000.0
House for sale,94117,5.0,6.0,3870.0,3795000.0
Condo for sale,94117,3.0,1.0,1857.0,1695000.0
House for sale,94117,3.0,2.0,1600.0,1449500.0
Condo for sale,94117,3.0,2.0,1857.1671,1495000.0
House for sale,94117,13.0,4.0,5280.0,2795000.0
House for sale,94117,6.0,2.0,4754.0,2399000.0
Condo for sale,94117,3.0,2.0,922.0,1195000.0
House for sale,94117,12.0,2.0,15140.0,7199000.0
Condo for sale,94117,3.0,2.0,2003.0,1849000.0
House for sale,94117,3.0,3.0,2400.0,2795000.0
House for sale,94117,11.0,13.0,5889.0,3795000.0
Condo for sale,94117,1.0,1.0,1857.1671,899900.0
Condo for sale,94117,1.0,1.0,829.0,1095000.0
Condo for sale,94117,1.0,1.0,1204.0,995000.0
House for sale,94117,6.0,2.0,1556.0,1595000.0
Under Contract,94117,2.0,1.0,1076.0,1249000.0
Condo for sale,94117,2.0,1.0,1258.0,1250000.0
Under Contract,94117,5.0,4.0,2900.0,2399000.0
Lot / Land for sale,94117,2.0,2.0,1857.1671,3495000.0
House for sale,94117,9.0,3.0,5655.0,2990000.0
Under Contract,94117,12.0,1.0,4320.0,2295000.0
Under Contract,94117,1.0,1.0,705.0,799000.0
House for sale,94117,4.0,3.0,3000.0,3675000.0
House for sale,94117,5.0,2.0,2874.0,1995000.0
House for sale,94117,3.0,2.0,1804.0,1595000.0
House for sale,94117,23.0,2.0,16830.0,6300000.0
Condo for sale,94117,3.0,2.0,1823.0,1645000.0
House for sale,94117,4.0,3.0,2378.0,2650000.0
Condo for sale,94117,3.0,4.0,2000.0,2000000.0
Condo for sale,94117,2.0,1.0,1319.0,1390000.0
House for sale,94117,6.0,3.0,4315.0,2898000.0
Under Contract,94117,2.0,2.0,1193.0,1050000.0
Condo for sale,94117,1.0,1.0,590.0,749000.0
Condo for sale,94117,2.0,1.0,790.0,859000.0
House for sale,94117,4.0,3.0,1706.0,1450000.0
House for sale,94117,8.0,5.0,4678.0,3650000.0
House for sale,94117,9.0,2.0,5175.0,2675000.0
Under Contract,94117,2.0,4.0,2750.0,1800000.0
House for sale,94116,2.0,1.0,1400.0,1195000.0
House for sale,94116,4.0,4.0,2067.0,1798000.0
House for sale,94116,3.0,2.0,2133.0,1595000.0
House for sale,94116,2.0,1.0,1075.0,1195000.0
House for sale,94116,2.0,1.0,800.0,999000.0
House for sale,94116,4.0,5.0,2747.0,2195000.0
House for sale,94116,3.0,2.0,1214.0,1095000.0
House for sale,94116,3.0,2.0,1755.0,1595000.0
House for sale,94116,3.0,2.0,1214.0,1095000.0
House for sale,94116,3.0,2.0,1758.0,1498000.0
House for sale,94116,5.0,3.0,1912.0,1195000.0
Under Contract,94116,3.0,2.0,943.0,1350000.0
House for sale,94116,4.0,2.0,3100.0,1800000.0
House for sale,94116,4.0,2.0,1819.0,1095000.0
House for sale,94116,4.0,2.0,2356.0,1400000.0
House for sale,94116,3.0,2.0,1300.0,1180000.0
New construction,94116,3.0,3.0,2214.0,1698000.0
Under Contract,94116,3.0,3.0,2214.0,1489000.0
Multi-family home for sale,94116,6.0,5.0,2790.0,2050000.0
Multi-family home for sale,94116,4.0,2.0,2444.0,1500000.0
House for sale,94116,5.0,3.0,2200.0,2250000.0
Lot / Land for sale,94116,2.0,2.0,1857.1671,980000.0
House for sale,94121,3.0,3.0,2597.0,1899000.0
Townhouse for sale,94121,3.0,2.0,1297.0,1395000.0
House for sale,94121,3.0,2.0,1857.1671,1349000.0
House for sale,94121,6.0,5.0,2900.0,2180000.0
House for sale,94121,4.0,4.0,3098.0,1425000.0
Condo for sale,94121,3.0,3.0,1835.0,1200000.0
House for sale,94121,3.0,2.0,1800.0,1720000.0
House for sale,94121,7.0,5.0,3029.0,2100000.0
Under Contract,94121,3.0,2.0,1950.0,1498000.0
Under Contract,94121,2.0,2.0,2775.0,1495000.0
House for sale,94121,11.0,5.0,4045.0,4144000.0
House for sale,94121,4.0,3.0,2269.0,2295000.0
Under Contract,94121,1.0,1.0,590.0,699000.0
House for sale,94121,1.0,1.0,1857.1671,1125000.0
House for sale,94121,3.0,3.0,3242.0,2950000.0
House for sale,94121,3.0,3.0,1857.1671,2950000.0
House for sale,94121,4.0,6.0,1857.1671,2980000.0
House for sale,94121,5.0,8.0,4485.0,3595000.0
House for sale,94121,6.0,4.0,4861.0,4850000.0
House for sale,94121,6.0,7.0,7170.0,17500000.0
House for sale,94121,4.0,4.0,3420.0,7999000.0
Under Contract,94121,2.0,1.0,1555.0,1195000.0
Under Contract,94121,3.0,2.0,1840.0,1395000.0
Under Contract,94121,4.0,2.0,3340.0,1395000.0
House for sale,94121,7.0,2.0,6045.0,3498000.0
Under Contract,94121,5.0,3.0,2900.0,1995000.0
House for sale,94121,4.0,4.0,1857.1671,2980000.0
Multi-family home for sale,94121,4.0,3.0,2410.0,1425000.0
House for sale,94121,12.0,2.0,9240.0,4600000.0
Under Contract,94121,5.0,5.0,3395.0,2590000.0
Foreclosure,94121,8.0,2.0,10825.0,3960000.0
Under Contract,94123,4.0,4.0,3774.0,3750000.0
Condo for sale,94123,3.0,2.0,1857.1671,2250000.0
House for sale,94123,5.0,5.0,4175.0,7250000.0
House for sale,94123,12.0,2.0,9450.0,7600000.0
Under Contract,94123,2.0,2.0,1128.0,1250000.0
House for sale,94123,3.0,3.0,2442.0,2295000.0
Under Contract,94123,1.0,1.0,670.0,849000.0
Condo for sale,94123,3.0,3.0,2100.0,2497000.0
New construction,94123,3.0,3.0,2073.0,3125000.0
House for sale,94123,1.0,1.0,806.0,825000.0
Condo for sale,94123,2.0,1.0,1857.1671,799000.0
House for sale,94123,3.0,3.0,2260.0,2598000.0
New construction,94123,6.0,6.0,7195.0,14500000.0
House for sale,94123,12.0,7.0,5890.0,5500000.0
Condo for sale,94123,3.0,3.0,1717.0,1995000.0
New construction,94123,1.0,1.0,697.0,998000.0
Condo for sale,94123,3.0,4.0,2529.0,3150000.0
House for sale,94123,5.0,6.0,4206.0,6500000.0
House for sale,94123,6.0,2.0,6324.0,4000000.0
House for sale,94123,5.0,5.0,3274.0,3700000.0
House for sale,94123,4.0,4.0,5142.0,13999000.0
House for sale,94123,2.0,2.0,1320.0,1395000.0
House for sale,94123,5.0,2.0,3276.0,3795000.0
New construction,94123,2.0,2.0,1044.0,1695000.0
Under Contract,94123,5.0,2.0,3107.0,2495000.0
House for sale,94123,5.0,2.0,4188.0,3600000.0
House for sale,94123,3.0,4.0,3111.0,4500000.0
Condo for sale,94123,2.0,2.0,1595.0,1795000.0
House for sale,94123,3.0,1.0,3037.0,2645000.0
Condo for sale,94123,2.0,2.0,1857.1671,1595000.0
New construction,94123,1.0,1.0,721.0,1049000.0
New construction,94123,2.0,2.0,1200.0,1649000.0
Under Contract,94123,2.0,2.0,1434.0,1649000.0
House for sale,94122,3.0,2.0,1300.0,1295000.0
House for sale,94122,3.0,3.0,1900.0,1595000.0
House for sale,94122,1.0,1.0,700.0,699000.0
House for sale,94122,2.0,1.0,1857.1671,795000.0
House for sale,94122,7.0,6.0,3257.0,2595000.0
House for sale,94122,4.0,2.0,1990.0,1650000.0
House for sale,94122,4.0,4.0,2580.0,1998000.0
House for sale,94122,3.0,2.0,1568.0,998000.0
New construction,94122,2.0,1.0,1300.0,1799000.0
House for sale,94122,3.0,3.0,1908.0,1475000.0
House for sale,94122,3.0,2.0,1543.0,1200000.0
House for sale,94122,3.0,2.0,1857.1671,1550000.0
Under Contract,94122,6.0,3.0,2723.0,1424000.0
House for sale,94122,7.0,5.0,3915.0,1999999.0
House for sale,94122,7.0,5.0,3915.0,1999999.0
Multi-family home for sale,94122,1.0,2.0,1850.0,1488888.0
House for sale,94122,2.0,2.0,1890.0,1295000.0
Under Contract,94122,1.0,1.0,609.0,795000.0
House for sale,94122,6.0,2.0,2300.0,1998000.0
Multi-family home for sale,94122,6.0,2.0,2250.0,1538000.0
Multi-family home for sale,94122,12.0,6.0,3590.0,2610000.0
House for sale,94122,6.0,3.0,2902.0,1599000.0
Lot / Land for sale,94122,2.0,2.0,1857.1671,1890000.0
House for sale,94124,4.0,2.0,1555.0,959000.0
New construction,94124,2.0,1.0,1120.0,799000.0
House for sale,94124,5.0,5.0,3206.0,1395000.0
Under Contract,94124,2.0,1.0,841.0,849000.0
Lot / Land for sale,94124,2.0,2.0,1857.1671,699000.0
Under Contract,94124,2.0,2.0,1857.1671,998000.0
House for sale,94124,2.0,2.0,973.0,798888.0
House for sale,94124,2.0,2.0,1200.0,799900.0
House for sale,94124,4.0,6.0,2908.0,1300000.0
Condo for sale,94124,1.0,1.0,1857.1671,240000.0
Condo for sale,94124,1.0,1.0,546.0,350000.0
Condo for sale,94124,3.0,3.0,1821.0,929000.0
Condo for sale,94124,3.0,2.0,1283.0,899000.0
Under Contract,94124,3.0,2.0,1268.0,998000.0
House for sale,94124,3.0,3.0,1580.0,1099000.0
Under Contract,94124,2.0,1.0,750.0,688000.0
House for sale,94124,2.0,1.0,1100.0,541250.0
Condo for sale,94124,3.0,2.0,1567.0,915000.0
Condo for sale,94124,2.0,2.0,1594.0,799999.0
Condo for sale,94124,2.0,2.0,1115.0,798000.0
Condo for sale,94115,4.0,5.0,4004.0,4698000.0
Condo for sale,94103,2.0,2.0,1565.0,1195000.0
New construction,94115,3.0,4.0,2888.0,5800000.0
House for sale,94114,2.0,1.0,1857.1671,975000.0
House for sale,94114,2.0,2.0,1857.1671,1650000.0
Condo for sale,94111,1.0,1.0,1006.0,960000.0
Condo for sale,94133,1.0,1.0,700.0,789000.0
Condo for sale,94103,1.0,1.0,541.0,595000.0
Condo for sale,94109,1.0,1.0,653.0,649000.0
New construction,94103,2.0,2.0,955.0,700000.0
Condo for sale,94105,2.0,2.0,1259.0,1649000.0
Condo for sale,94105,2.0,2.0,1491.0,2599000.0
Under Contract,94109,2.0,1.0,852.0,1400000.0
Condo for sale,94109,1.0,1.0,616.0,599000.0
House for sale,94115,3.0,2.0,1032.0,699000.0
Condo for sale,94109,3.0,2.0,1258.0,1349000.0
Condo for sale,94111,2.0,2.0,1532.0,1450000.0
House for sale,94114,4.0,2.0,2112.0,1895000.0
Condo for sale,94158,2.0,2.0,1569.0,2698888.0
Condo for sale,94111,1.0,1.0,1030.0,949000.0
Condo for sale,94105,1.0,1.0,694.0,749000.0
Condo for sale,94107,3.0,3.0,1642.0,1245000.0
New construction,94103,2.0,2.0,844.0,949000.0
Condo for sale,94107,3.0,1.0,1297.0,1050000.0
Condo for sale,94109,2.0,2.0,1382.0,950000.0
Condo for sale,94105,2.0,2.0,1268.0,2200000.0
Condo for sale,94114,3.0,2.0,1605.0,1799000.0
Condo for sale,94107,2.0,2.0,1763.0,1450000.0
Condo for sale,94110,1.0,2.0,1003.0,1099000.0
Condo for sale,94105,2.0,2.0,995.0,1150000.0
Condo for sale,94104,3.0,3.0,2485.0,2995000.0
Condo for sale,94103,2.0,1.0,1547.0,1349000.0
Condo for sale,94107,1.0,2.0,860.0,875000.0
House for sale,94127,3.0,2.0,1112.0,1299000.0
House for sale,94127,2.0,1.0,1010.0,1098000.0
House for sale,94127,4.0,3.0,3050.0,2495000.0
House for sale,94127,3.0,2.0,1857.1671,1295000.0
Under Contract,94127,5.0,5.0,3115.0,2800000.0
House for sale,94127,3.0,3.0,1612.0,1199000.0
House for sale,94131,3.0,2.0,1342.0,1295000.0
House for sale,94131,4.0,2.0,2000.0,1695000.0
House for sale,94131,3.0,2.0,1589.0,1895000.0
Condo for sale,94131,1.0,1.0,886.0,650000.0
Condo for sale,94131,2.0,2.0,1857.1671,1395000.0
Condo for sale,94131,3.0,2.0,1639.0,1788000.0
House for sale,94131,5.0,6.0,4200.0,3495000.0
House for sale,94131,3.0,3.0,2805.0,3495000.0
House for sale,94131,2.0,1.0,835.0,949000.0
House for sale,94131,2.0,1.0,1857.1671,1499000.0
Condo for sale,94131,4.0,3.0,1635.0,1350000.0
House for sale,94131,3.0,2.0,1249.0,1175000.0
Condo for sale,94131,2.0,1.0,1020.0,949000.0
House for sale,94131,4.0,2.0,2215.0,2375000.0
Under Contract,94131,1.0,1.0,830.0,700000.0
House for sale,94131,5.0,6.0,1857.1671,4695000.0
Condo for sale,94131,2.0,2.0,1143.0,1249000.0
House for sale,94131,3.0,3.0,2120.0,2495000.0
House for sale,94131,3.0,3.0,1857.1671,2099000.0
House for sale,94131,12.0,2.0,7060.0,3550000.0
Condo for sale,94131,3.0,2.0,2138.0,1475000.0
Under Contract,94131,3.0,2.0,1500.0,1625000.0
Under Contract,94131,3.0,2.0,1345.0,1299000.0
House for sale,94131,3.0,2.0,1204.0,1150000.0
House for sale,94131,4.0,2.0,2104.0,2100000.0
Condo for sale,94131,3.0,2.0,1482.0,1375000.0
Under Contract,94131,2.0,1.0,474.0,435000.0
House for sale,94131,16.0,2.0,9544.0,6995000.0
New construction,94131,5.0,5.0,3637.0,5300000.0
Under Contract,94131,1.0,1.0,830.0,725000.0
House for sale,94131,4.0,3.0,1740.0,1388000.0
House for sale,94131,3.0,2.0,1857.1671,1488000.0
House for sale,94131,4.0,6.0,6230.0,12000000.0
Condo for sale,94133,1.0,1.0,700.0,789000.0
Condo for sale,94133,1.0,1.0,986.0,1500000.0
Condo for sale,94133,2.0,2.0,1313.0,1400000.0
House for sale,94133,2.0,1.0,1857.1671,1249000.0
Condo for sale,94133,2.0,3.0,3640.0,7995000.0
Condo for sale,94133,3.0,3.0,2165.0,2495000.0
House for sale,94133,4.0,3.0,3182.0,3995000.0
Multi-family home for sale,94133,3.0,2.0,4400.0,2375000.0
Multi-family home for sale,94133,2.0,2.0,10875.0,3995000.0
Multi-family home for sale,94133,2.0,2.0,15039.0,4500000.0
House for sale,94133,6.0,2.0,2400.0,1649000.0
House for sale,94133,12.0,7.0,5775.0,6385000.0
House for sale,94133,3.0,2.0,1970.0,2395000.0
House for sale,94133,3.0,2.0,1715.0,1695000.0
House for sale,94133,4.0,3.0,2090.0,2195000.0
House for sale,94133,3.0,3.0,2179.0,1999000.0
House for sale,94133,3.0,2.0,1857.1671,1695000.0
House for sale,94133,1.0,2.0,1484.0,2430000.0
Condo for sale,94133,2.0,2.0,1660.0,1950000.0
Townhouse for sale,94133,3.0,3.0,1857.1671,10000000.0
New construction,94133,3.0,2.0,1772.0,2575000.0
New construction,94133,1.0,1.0,839.0,1225000.0
Condo for sale,94133,2.0,3.0,1550.0,1895000.0
House for sale,94133,1.0,1.0,1857.1671,1400000.0
House for sale,94133,6.0,2.0,3440.0,1600000.0
House for sale,94133,7.0,4.0,4215.0,3295000.0
House for sale,94133,2.0,2.0,3713.0,4995000.0
House for sale,94133,6.0,2.0,3240.0,2500000.0
Multi-family home for sale,94133,12.0,2.0,5298.0,3880000.0
Multi-family home for sale,94133,7.0,2.0,3164.0,2198000.0
House for sale,94133,6.0,5.0,2794.0,3850000.0
House for sale,94133,5.0,2.0,2429.0,1680000.0
Condo for sale,94133,2.0,1.0,1033.0,1600000.0
House for sale,94133,3.0,3.0,2363.0,2795000.0
House for sale,94133,3.0,3.0,1857.1671,1995000.0
Lot / Land for sale,94133,2.0,2.0,1857.1671,250000.0
House for sale,94132,4.0,3.0,1749.0,1588000.0
House for sale,94132,2.0,1.0,1100.0,998000.0
Condo for sale,94132,3.0,3.0,1839.0,1375000.0
Under Contract,94132,3.0,2.0,2223.0,1680000.0
Townhouse for sale,94132,3.0,2.0,1547.0,990000.0
Under Contract,94132,2.0,2.0,1384.0,848000.0
Condo for sale,94132,3.0,2.0,2133.0,1469000.0
Multi-family home for sale,94132,4.0,3.0,1828.0,1439000.0
Under Contract,94132,2.0,3.0,1260.0,1425000.0
Condo for sale,94115,4.0,5.0,4004.0,4698000.0
New construction,94117,1.0,1.0,1857.1671,1095000.0
Condo for sale,94117,3.0,3.0,1857.1671,2495000.0
Condo for sale,94115,3.0,3.0,1891.0,1849000.0
Condo for sale,94115,4.0,2.0,2321.0,2149000.0
Condo for sale,94103,2.0,2.0,1565.0,1195000.0
Condo for sale,94115,3.0,3.0,1881.0,2295000.0
New construction,94115,3.0,4.0,2888.0,5800000.0
House for sale,94114,2.0,1.0,1857.1671,975000.0
Condo for sale,94111,1.0,1.0,1006.0,960000.0
House for sale,94114,2.0,2.0,1857.1671,1650000.0
Condo for sale,94133,1.0,1.0,700.0,789000.0
Condo for sale,94103,1.0,1.0,541.0,595000.0
Condo for sale,94109,1.0,1.0,653.0,649000.0
Condo for sale,94118,3.0,3.0,1857.1671,1950000.0
New construction,94103,2.0,2.0,955.0,700000.0
Condo for sale,94105,2.0,2.0,1259.0,1649000.0
Under Contract,94109,2.0,1.0,852.0,1400000.0
Condo for sale,94105,2.0,2.0,1491.0,2599000.0
Condo for sale,94109,1.0,1.0,616.0,599000.0
House for sale,94114,4.0,2.0,3160.0,2195000.0
House for sale,94115,3.0,2.0,1032.0,699000.0
Condo for sale,94110,2.0,1.0,842.0,759000.0
House for sale,94131,3.0,2.0,1342.0,1295000.0
Condo for sale,94109,3.0,2.0,1258.0,1349000.0
Condo for sale,94111,2.0,2.0,1532.0,1450000.0
House for sale,94114,4.0,2.0,2112.0,1895000.0
House for sale,94117,5.0,6.0,3870.0,3795000.0
House for sale,94114,3.0,3.0,800.0,1000000.0
Under Contract,94123,4.0,4.0,3774.0,3750000.0
Condo for sale,94111,1.0,1.0,1030.0,949000.0
Condo for sale,94158,2.0,2.0,1569.0,2698888.0
Condo for sale,94105,1.0,1.0,694.0,749000.0
House for sale,94110,3.0,2.0,1475.0,1295000.0
Condo for sale,94115,4.0,5.0,4004.0,4698000.0
New construction,94117,1.0,1.0,1857.1671,1095000.0
Condo for sale,94117,3.0,3.0,1857.1671,2495000.0
Condo for sale,94115,3.0,3.0,1891.0,1849000.0
Condo for sale,94115,4.0,2.0,2321.0,2149000.0
Condo for sale,94103,2.0,2.0,1565.0,1195000.0
Condo for sale,94115,3.0,3.0,1881.0,2295000.0
New construction,94115,3.0,4.0,2888.0,5800000.0
House for sale,94114,2.0,1.0,1857.1671,975000.0
House for sale,94114,2.0,2.0,1857.1671,1650000.0
Condo for sale,94111,1.0,1.0,1006.0,960000.0
Condo for sale,94133,1.0,1.0,700.0,789000.0
Condo for sale,94103,1.0,1.0,541.0,595000.0
Condo for sale,94109,1.0,1.0,653.0,649000.0
Condo for sale,94118,3.0,3.0,1857.1671,1950000.0
New construction,94103,2.0,2.0,955.0,700000.0
Condo for sale,94105,2.0,2.0,1259.0,1649000.0
Condo for sale,94105,2.0,2.0,1491.0,2599000.0
Under Contract,94109,2.0,1.0,852.0,1400000.0
Condo for sale,94109,1.0,1.0,616.0,599000.0
House for sale,94114,4.0,2.0,3160.0,2195000.0
House for sale,94115,3.0,2.0,1032.0,699000.0
Condo for sale,94110,2.0,1.0,842.0,759000.0
House for sale,94131,3.0,2.0,1342.0,1295000.0
Condo for sale,94109,3.0,2.0,1258.0,1349000.0
Condo for sale,94111,2.0,2.0,1532.0,1450000.0
House for sale,94114,4.0,2.0,2112.0,1895000.0
House for sale,94117,5.0,6.0,3870.0,3795000.0
House for sale,94114,3.0,3.0,800.0,1000000.0
Under Contract,94123,4.0,4.0,3774.0,3750000.0
Condo for sale,94111,1.0,1.0,1030.0,949000.0
Condo for sale,94158,2.0,2.0,1569.0,2698888.0
Condo for sale,94105,1.0,1.0,694.0,749000.0
House for sale,94110,3.0,2.0,1475.0,1295000.0
Condo for sale,94115,4.0,5.0,4004.0,4698000.0
Condo for sale,94118,2.0,2.0,1120.0,1001150.0
Condo for sale,94117,3.0,3.0,1857.1671,2495000.0
New construction,94117,1.0,1.0,1857.1671,1095000.0
Condo for sale,94115,3.0,3.0,1891.0,1849000.0
Condo for sale,94115,4.0,2.0,2321.0,2149000.0
Condo for sale,94115,3.0,3.0,1881.0,2295000.0
New construction,94115,3.0,4.0,2888.0,5800000.0
House for sale,94114,2.0,1.0,1857.1671,975000.0
House for sale,94114,2.0,2.0,1857.1671,1650000.0
Condo for sale,94103,1.0,1.0,541.0,595000.0
Condo for sale,94118,3.0,3.0,1857.1671,1950000.0
Condo for sale,94109,1.0,1.0,653.0,649000.0
New construction,94103,2.0,2.0,955.0,700000.0
House for sale,94114,4.0,2.0,3160.0,2195000.0
Condo for sale,94118,3.0,3.0,2291.0,1895000.0
House for sale,94115,3.0,2.0,1032.0,699000.0
House for sale,94122,3.0,3.0,1900.0,1595000.0
Condo for sale,94110,2.0,1.0,842.0,759000.0
House for sale,94131,3.0,2.0,1342.0,1295000.0
Condo for sale,94109,3.0,2.0,1258.0,1349000.0
House for sale,94122,1.0,1.0,700.0,699000.0
Townhouse for sale,94121,3.0,2.0,1297.0,1395000.0
House for sale,94114,4.0,2.0,2112.0,1895000.0
House for sale,94117,5.0,6.0,3870.0,3795000.0
House for sale,94114,3.0,3.0,800.0,1000000.0
House for sale,94122,2.0,1.0,1857.1671,795000.0
Under Contract,94123,4.0,4.0,3774.0,3750000.0
Condo for sale,94109,2.0,2.0,1382.0,950000.0
House for sale,94127,2.0,1.0,1010.0,1098000.0
House for sale,94116,3.0,2.0,2133.0,1595000.0
Condo for sale,94131,1.0,1.0,886.0,650000.0
Condo for sale,94114,3.0,2.0,1605.0,1799000.0
Condo for sale,94118,4.0,3.0,2700.0,2495000.0
Condo for sale,94114,2.0,2.0,1857.1671,1849000.0
House for sale,94116,2.0,1.0,1075.0,1195000.0
Condo for sale,94158,2.0,2.0,1569.0,2698888.0
Condo for sale,94158,2.0,2.0,1438.0,1738888.0
New construction,94158,2.0,2.0,1492.0,1829000.0
Condo for sale,94158,2.0,2.0,955.0,1399000.0
Condo for sale,94158,2.0,3.0,2435.0,2995000.0
Condo for sale,94158,2.0,2.0,1156.0,1395000.0
Condo for sale,94158,1.0,1.0,856.0,950000.0
Condo for sale,94158,2.0,2.0,1160.0,1525000.0
Condo for sale,94158,2.0,2.0,1857.1671,1299000.0
New construction,94158,1.0,1.0,943.0,1160000.0
Under Contract,94158,1.0,1.0,728.0,820000.0
Condo for sale,94158,1.0,1.0,880.0,1050000.0
Condo for sale,94158,2.0,2.0,1372.0,1650000.0
Under Contract,94158,2.0,2.0,1208.0,1299000.0
Condo for sale,94158,2.0,2.0,1216.0,998000.0
Condo for sale,94158,3.0,3.0,1780.0,1687500.0
New construction,94158,3.0,2.0,1827.0,2998000.0
Condo for sale,94158,2.0,1.0,783.0,533786.0
Condo for sale,94158,2.0,2.0,1156.0,1399000.0
New construction,94158,2.0,1.0,538.0,825000.0
New construction,94158,2.0,2.0,1234.0,1750000.0
Under Contract,94158,3.0,3.0,1723.0,1695000.0
Condo for sale,94158,1.0,1.0,767.0,1028000.0
Condo for sale,94158,2.0,2.0,917.0,1150000.0
Condo for sale,94103,2.0,2.0,1565.0,1195000.0
New construction,94103,2.0,2.0,955.0,700000.0
House for sale,94110,3.0,2.0,1450.0,1190000.0
Condo for sale,94110,2.0,1.0,842.0,759000.0
Condo for sale,94158,2.0,2.0,1569.0,2698888.0
House for sale,94110,3.0,2.0,1475.0,1295000.0
House for sale,94124,4.0,2.0,1555.0,959000.0
Condo for sale,94107,3.0,1.0,1297.0,1050000.0
Condo for sale,94110,1.0,2.0,1003.0,1099000.0
House for sale,94110,3.0,2.0,1250.0,1249000.0
Condo for sale,94110,2.0,2.0,1056.0,1249000.0
New construction,94124,2.0,1.0,1120.0,799000.0
Condo for sale,94107,1.0,1.0,887.0,898000.0
Condo for sale,94107,1.0,1.0,866.0,998000.0
House for sale,94110,2.0,3.0,2011.0,1095000.0
Under Contract,94110,1.0,2.0,1121.0,1550000.0
House for sale,94110,8.0,1.0,2625.0,1200000.0
House for sale,94134,3.0,2.0,1175.0,998889.0
House for sale,94110,4.0,2.0,1990.0,1498000.0
House for sale,94110,2.0,2.0,1300.0,1098000.0
Condo for sale,94110,2.0,2.0,1162.0,998000.0
Condo for sale,94134,3.0,2.0,1424.0,974000.0
House for sale,94107,3.0,2.0,1605.0,1649000.0
House for sale,94107,3.0,2.0,1191.0,1349000.0
Condo for sale,94103,1.0,1.0,795.0,685000.0
Condo for sale,94134,2.0,2.0,935.0,699000.0
